name,raw_company,title
Sarah Chen,stripe inc.,Head of Growth
marco rossi,SHOPIFY INC,vp engineering
Priya Patel,notion labs,
James O'Brien,hubspot,Sr. Account Executive
Ana Souza,nubank brasil ltda,Product Manager
Tom Becker,zapier inc,founder office chief of staff
Yuki Tanaka,mercari,engineering manager
David Kim,acme corp,Sales Director
Laura Muller,SAP SE,solutions consultant
Chris Evans,figma,design lead
Fatima Al-Sayed,careem networks fz llc,Ops Lead
Peter Novak,jetbrains s.r.o.,developer advocate
Emily Watson,the boring company,
Raj Malhotra,infosys ltd.,AVP delivery
Sofia Garcia,glovoapp23,city launcher
Ben Carter,stealth startup,cto
Nina Petrova,miro (realtimeboard),Head of Sales EMEA
Omar Haddad,deliveroo plc,ops analyst
Grace Liu,canva pty ltd,growth marketer
Alex Turner,xyz consulting grp,
